<?xml version="1.0" encoding="utf-8" ?>
<dwsync>
<file name="Ajaxcall.php" server="ftp.cztn.co.in" local="131635846980943471" remote="131633901000000000" Dst="0" />
<file name="Hresource.php" server="ftp.cztn.co.in" local="131637521533168401" remote="131635410000000000" Dst="0" />
<file name="Employee.php" server="ftp.cztn.co.in" local="131637521529190748" remote="131637058800000000" Dst="0" />
<file name="Setting.php" server="ftp.cztn.co.in" local="131637521480108621" remote="131637070200000000" Dst="0" />
<file name="Ajaxcall.php" server="ftp.omaxsecurity.com" local="131635846980000000" remote="131638436400000000" Dst="0" />
<file name="Hresource.php" server="ftp.omaxsecurity.com" local="131639379015545475" remote="131639380800000000" Dst="0" />
<file name="Employee.php" server="ftp.omaxsecurity.com" local="131639396307172550" remote="131639397000000000" Dst="0" />
<file name="Setting.php" server="ftp.omaxsecurity.com" local="131638608386711121" remote="131638707600000000" Dst="0" />
</dwsync>