<?xml version="1.0" encoding="utf-8" ?>
<dwsync>
<file name="UsersModel.php" server="shribalajiinfraheights.com" local="131179803473101786" remote="131179363200000000" Dst="0" />
<file name="SettingModel.php" server="shribalajiinfraheights.com" local="131220276224386823" remote="131219827200000000" Dst="0" />
<file name="CommanModel.php" server="ftp.cztn.co.in" local="131634236926798195" remote="131633901600000000" Dst="0" />
<file name="SettingModel.php" server="ftp.cztn.co.in" local="131563563451916185" remote="131633901600000000" Dst="0" />
<file name=".gitignore" server="ftp.cztn.co.in" local="131247087920000000" remote="131633901600000000" Dst="0" />
<file name="UsersModel.php" server="ftp.cztn.co.in" local="131610953416702816" remote="131633901600000000" Dst="0" />
<file name=".gitignore" server="ftp.omaxsecurity.com" local="131247087920000000" remote="131638436400000000" Dst="0" />
<file name="CommanModel.php" server="ftp.omaxsecurity.com" local="131637622180000000" remote="131638436400000000" Dst="0" />
<file name="SettingModel.php" server="ftp.omaxsecurity.com" local="131563563440000000" remote="131638436400000000" Dst="0" />
</dwsync>